"","family","genus","species","scientific_name","data","barcode","source1","source2"
"1","Acanthuridae","Acanthurus","auranticavus","Acanthurus auranticavus","with barcodes","Y","MAF","BOLD"
"2","Acanthuridae","Acanthurus","mata","Acanthurus mata","with barcodes","Y","MAF","BOLD"
"3","Acanthuridae","Acanthurus","nigricauda","Acanthurus nigricauda","with barcodes","Y","MAF","BOLD"
"4","Acanthuridae","Acanthurus","olivaceus","Acanthurus olivaceus","with barcodes","Y","MAF","BOLD"
"5","Acanthuridae","Acanthurus","pyroferus","Acanthurus pyroferus","with barcodes","Y","MAF","BOLD"
"6","Acanthuridae","Ctenochaetus","binotatus","Ctenochaetus binotatus","with barcodes","Y","MAF","BOLD"
"7","Acanthuridae","Ctenochaetus","striatus","Ctenochaetus striatus","with barcodes","Y","MAF","BOLD"
"8","Acanthuridae","Ctenochaetus","tominiensis","Ctenochaetus tominiensis","with barcodes","Y","MAF","BOLD"
"9","Acanthuridae","Naso","brevirostris","Naso brevirostris","with barcodes","Y","MAF","BOLD"
"10","Acanthuridae","Naso","hexacanthus","Naso hexacanthus","with barcodes","Y","MAF","BOLD"
"11","Acanthuridae","Naso","lituratus","Naso lituratus","with barcodes","Y","MAF","BOLD"
"12","Acanthuridae","Naso","minor","Naso minor","with barcodes","Y","MAF","BOLD"
"13","Acanthuridae","Naso","thynnoides","Naso thynnoides","with barcodes","Y","MAF","BOLD"
"14","Acanthuridae","Naso","unicornis","Naso unicornis","with barcodes","Y","MAF","BOLD"
"15","Acanthuridae","Naso","vlamingii","Naso vlamingii","with barcodes","Y","MAF","BOLD"
"16","Acanthuridae","Zebrasoma","velifer","Zebrasoma velifer","with barcodes","Y","MAF","BOLD"
"17","Anthiadidae","Odontanthias","chrysostictus","Odontanthias chrysostictus","with barcodes","Y","MAF","BOLD"
"18","Apogonidae","Cheilodipterus","macrodon","Cheilodipterus macrodon","with barcodes","Y","MAF","BOLD"
"19","Apogonidae","Ostorhinchus","doederleini","Ostorhinchus doederleini","with barcodes","Y","MAF","BOLD"
"20","Apogonidae","Sphaeramia","nematoptera","Sphaeramia nematoptera","with barcodes","Y","MAF","BOLD"
"21","Ariommatidae","Ariomma","brevimanus","Ariomma brevimanus","with barcodes","Y","MAF","BOLD"
"22","Balistidae","Abalistes","filamentosus","Abalistes filamentosus","with barcodes","Y","MAF","BOLD"
"23","Balistidae","Abalistes","stellatus","Abalistes stellatus","with barcodes","Y","MAF","BOLD"
"24","Balistidae","Balistapus","undulatus","Balistapus undulatus","with barcodes","Y","MAF","BOLD"
"25","Balistidae","Balistoides","conspicillum","Balistoides conspicillum","with barcodes","Y","MAF","BOLD"
"26","Balistidae","Balistoides","viridescens","Balistoides viridescens","with barcodes","Y","MAF","BOLD"
"27","Balistidae","Canthidermis","maculata","Canthidermis maculata","with barcodes","Y","MAF","BOLD"
"28","Balistidae","Odonus","niger","Odonus niger","with barcodes","Y","MAF","BOLD"
"29","Balistidae","Pseudobalistes","flavimarginatus","Pseudobalistes flavimarginatus","with barcodes","Y","MAF","BOLD"
"30","Balistidae","Pseudobalistes","fuscus","Pseudobalistes fuscus","with barcodes","Y","MAF","BOLD"
"31","Balistidae","Sufflamen","chrysopterum","Sufflamen chrysopterum","with barcodes","Y","MAF","BOLD"
"32","Belonidae","Tylosurus","crocodilus","Tylosurus crocodilus","with barcodes","Y","MAF","BOLD"
"33","Berycidae","Beryx","mollis","Beryx mollis","with barcodes","Y","MAF","BOLD"
"34","Blenniidae","Salarias","fasciatus","Salarias fasciatus","with barcodes","Y","MAF","BOLD"
"35","Bothidae","Bothus","pantherinus","Bothus pantherinus","with barcodes","Y","MAF","BOLD"
"36","Bramidae","Brama","dussumieri","Brama dussumieri","with barcodes","Y","MAF","BOLD"
"37","Bramidae","Brama","orcini","Brama orcini","with barcodes","Y","MAF","BOLD"
"38","Caesionidae","Caesio","caerulaurea","Caesio caerulaurea","with barcodes","Y","MAF","BOLD"
"39","Caesionidae","Caesio","cuning","Caesio cuning","with barcodes","Y","MAF","BOLD"
"40","Caesionidae","Caesio","lunaris","Caesio lunaris","with barcodes","Y","MAF","BOLD"
"41","Caesionidae","Pterocaesio","pisang","Pterocaesio pisang","with barcodes","Y","MAF","BOLD"
"42","Caesionidae","Pterocaesio","tessellata","Pterocaesio tessellata","with barcodes","Y","MAF","BOLD"
"43","Carangidae","Alectis","ciliaris","Alectis ciliaris","with barcodes","Y","MAF","BOLD"
"44","Carangidae","Atropus","mentalis","Atropus mentalis","with barcodes","Y","MAF","BOLD"
"45","Carangidae","Atule","mate","Atule mate","with barcodes","Y","MAF","BOLD"
"46","Carangidae","Caranx","melampygus","Caranx melampygus","with barcodes","Y","MAF","BOLD"
"47","Carangidae","Caranx","sexfasciatus","Caranx sexfasciatus","with barcodes","Y","MAF","BOLD"
"48","Carangidae","Craterognathus","plagiotaenia","Craterognathus plagiotaenia","with barcodes","Y","MAF","BOLD"
"49","Carangidae","Ferdauia","ferdau","Ferdauia ferdau","with barcodes","Y","MAF","BOLD"
"50","Carangidae","Trachinotus","baillonii","Trachinotus baillonii","with barcodes","Y","MAF","BOLD"
"51","Chaetodontidae","Chaetodon","auriga","Chaetodon auriga","with barcodes","Y","MAF","BOLD"
"52","Chaetodontidae","Chaetodon","baronessa","Chaetodon baronessa","with barcodes","Y","MAF","BOLD"
"53","Chaetodontidae","Chaetodon","kleinii","Chaetodon kleinii","with barcodes","Y","MAF","BOLD"
"54","Chaetodontidae","Chaetodon","lunulatus","Chaetodon lunulatus","with barcodes","Y","MAF","BOLD"
"55","Chaetodontidae","Chaetodon","melannotus","Chaetodon melannotus","with barcodes","Y","MAF","BOLD"
"56","Chaetodontidae","Chaetodon","meyeri","Chaetodon meyeri","with barcodes","Y","MAF","BOLD"
"57","Chaetodontidae","Chaetodon","oxycephalus","Chaetodon oxycephalus","with barcodes","Y","MAF","BOLD"
"58","Chaetodontidae","Chaetodon","punctatofasciatus","Chaetodon punctatofasciatus","with barcodes","Y","MAF","BOLD"
"59","Chaetodontidae","Chaetodon","rafflesii","Chaetodon rafflesii","with barcodes","Y","MAF","BOLD"
"60","Chaetodontidae","Chaetodon","trifascialis","Chaetodon trifascialis","with barcodes","Y","MAF","BOLD"
"61","Chaetodontidae","Chaetodon","unimaculatus","Chaetodon unimaculatus","with barcodes","Y","MAF","BOLD"
"62","Chaetodontidae","Chaetodon","vagabundus","Chaetodon vagabundus","with barcodes","Y","MAF","BOLD"
"63","Chaetodontidae","Chelmon","rostratus","Chelmon rostratus","with barcodes","Y","MAF","BOLD"
"64","Chaetodontidae","Coradion","chrysozonus","Coradion chrysozonus","with barcodes","Y","MAF","BOLD"
"65","Chaetodontidae","Hemitaurichthys","polylepis","Hemitaurichthys polylepis","with barcodes","Y","MAF","BOLD"
"66","Chaetodontidae","Heniochus","acuminatus","Heniochus acuminatus","with barcodes","Y","MAF","BOLD"
"67","Chaetodontidae","Heniochus","chrysostomus","Heniochus chrysostomus","with barcodes","Y","MAF","BOLD"
"68","Chaetodontidae","Heniochus","varius","Heniochus varius","with barcodes","Y","MAF","BOLD"
"69","Chaetodontidae","Parachaetodon","ocellatus","Parachaetodon ocellatus","with barcodes","Y","MAF","BOLD"
"70","Chlorophthalmidae","Chlorophthalmus","nigromarginatus","Chlorophthalmus nigromarginatus","with barcodes","Y","MAF","BOLD"
"71","Congridae","Conger","cinereus","Conger cinereus","with barcodes","Y","MAF","BOLD"
"72","Coryphaenidae","Coryphaena","hippurus","Coryphaena hippurus","with barcodes","Y","MAF","BOLD"
"73","Dasyatidae","Neotrygon","kuhlii","Neotrygon kuhlii","with barcodes","Y","MAF","BOLD"
"74","Dorosomatidae","Nematalosa","nasus","Nematalosa nasus","with barcodes","Y","MAF","BOLD"
"75","Drepaneidae","Drepane","punctata","Drepane punctata","with barcodes","Y","MAF","BOLD"
"76","Emmelichthyidae","Emmelichthys","struhsakeri","Emmelichthys struhsakeri","with barcodes","Y","MAF","BOLD"
"77","Ephippidae","Platax","orbicularis","Platax orbicularis","with barcodes","Y","MAF","BOLD"
"78","Ephippidae","Platax","pinnatus","Platax pinnatus","with barcodes","Y","MAF","BOLD"
"79","Ephippidae","Platax","teira","Platax teira","with barcodes","Y","MAF","BOLD"
"80","Epinephelidae","Aethaloperca","rogaa","Aethaloperca rogaa","with barcodes","Y","MAF","BOLD"
"81","Epinephelidae","Anyperodon","leucogrammicus","Anyperodon leucogrammicus","with barcodes","Y","MAF","BOLD"
"82","Epinephelidae","Cephalopholis","aitha","Cephalopholis aitha","with barcodes","Y","MAF","BOLD"
"83","Epinephelidae","Cephalopholis","boenak","Cephalopholis boenak","with barcodes","Y","MAF","BOLD"
"84","Epinephelidae","Cephalopholis","cyanostigma","Cephalopholis cyanostigma","with barcodes","Y","MAF","BOLD"
"85","Epinephelidae","Cephalopholis","leopardus","Cephalopholis leopardus","with barcodes","Y","MAF","BOLD"
"86","Epinephelidae","Cephalopholis","microprion","Cephalopholis microprion","with barcodes","Y","MAF","BOLD"
"87","Epinephelidae","Cephalopholis","miniata","Cephalopholis miniata","with barcodes","Y","MAF","BOLD"
"88","Epinephelidae","Cephalopholis","polleni","Cephalopholis polleni","with barcodes","Y","MAF","BOLD"
"89","Epinephelidae","Cephalopholis","sexmaculata","Cephalopholis sexmaculata","with barcodes","Y","MAF","BOLD"
"90","Epinephelidae","Cephalopholis","sonnerati","Cephalopholis sonnerati","with barcodes","Y","MAF","BOLD"
"91","Epinephelidae","Chromileptes","altivelis","Chromileptes altivelis","with barcodes","Y","MAF","BOLD"
"92","Epinephelidae","Epinephelus","areolatus","Epinephelus areolatus","with barcodes","Y","MAF","BOLD"
"93","Epinephelidae","Epinephelus","bontoides","Epinephelus bontoides","with barcodes","Y","MAF","BOLD"
"94","Epinephelidae","Epinephelus","coeruleopunctatus","Epinephelus coeruleopunctatus","with barcodes","Y","MAF","BOLD"
"95","Epinephelidae","Epinephelus","coioides","Epinephelus coioides","with barcodes","Y","MAF","BOLD"
"96","Epinephelidae","Epinephelus","corallicola","Epinephelus corallicola","with barcodes","Y","MAF","BOLD"
"97","Epinephelidae","Epinephelus","fasciatus","Epinephelus fasciatus","with barcodes","Y","MAF","BOLD"
"98","Epinephelidae","Epinephelus","hexagonatus","Epinephelus hexagonatus","with barcodes","Y","MAF","BOLD"
"99","Epinephelidae","Epinephelus","lanceolatus","Epinephelus lanceolatus","with barcodes","Y","MAF","BOLD"
"100","Epinephelidae","Epinephelus","maculatus","Epinephelus maculatus","with barcodes","Y","MAF","BOLD"
"101","Epinephelidae","Epinephelus","ongus","Epinephelus ongus","with barcodes","Y","MAF","BOLD"
"102","Epinephelidae","Epinephelus","polyphekadion","Epinephelus polyphekadion","with barcodes","Y","MAF","BOLD"
"103","Epinephelidae","Epinephelus","quoyanus","Epinephelus quoyanus","with barcodes","Y","MAF","BOLD"
"104","Epinephelidae","Epinephelus","sexfasciatus","Epinephelus sexfasciatus","with barcodes","Y","MAF","BOLD"
"105","Epinephelidae","Plectropomus","areolatus","Plectropomus areolatus","with barcodes","Y","MAF","BOLD"
"106","Epinephelidae","Plectropomus","laevis","Plectropomus laevis","with barcodes","Y","MAF","BOLD"
"107","Epinephelidae","Plectropomus","leopardus","Plectropomus leopardus","with barcodes","Y","MAF","BOLD"
"108","Epinephelidae","Plectropomus","maculatus","Plectropomus maculatus","with barcodes","Y","MAF","BOLD"
"109","Epinephelidae","Plectropomus","oligacanthus","Plectropomus oligacanthus","with barcodes","Y","MAF","BOLD"
"110","Epinephelidae","Saloptia","powelli","Saloptia powelli","with barcodes","Y","MAF","BOLD"
"111","Epinephelidae","Variola","albimarginata","Variola albimarginata","with barcodes","Y","MAF","BOLD"
"112","Epinephelidae","Variola","louti","Variola louti","with barcodes","Y","MAF","BOLD"
"113","Gempylidae","Gempylus","serpens","Gempylus serpens","with barcodes","Y","MAF","BOLD"
"114","Gempylidae","Promethichthys","prometheus","Promethichthys prometheus","with barcodes","Y","MAF","BOLD"
"115","Gempylidae","Rexea","prometheoides","Rexea prometheoides","with barcodes","Y","MAF","BOLD"
"116","Gerreidae","Gerres","erythrourus","Gerres erythrourus","with barcodes","Y","MAF","BOLD"
"117","Gerreidae","Gerres","filamentosus","Gerres filamentosus","with barcodes","Y","MAF","BOLD"
"118","Gerreidae","Gerres","oyena","Gerres oyena","with barcodes","Y","MAF","BOLD"
"119","Gobiidae","Exyrias","puntang","Exyrias puntang","with barcodes","Y","MAF","BOLD"
"120","Haemulidae","Diagramma","melanacrum","Diagramma melanacrum","with barcodes","Y","MAF","BOLD"
"121","Haemulidae","Diagramma","pictum","Diagramma pictum","with barcodes","Y","MAF","BOLD"
"122","Haemulidae","Plectorhinchus","albovittatus","Plectorhinchus albovittatus","with barcodes","Y","MAF","BOLD"
"123","Haemulidae","Plectorhinchus","chaetodonoides","Plectorhinchus chaetodonoides","with barcodes","Y","MAF","BOLD"
"124","Haemulidae","Plectorhinchus","lineatus","Plectorhinchus lineatus","with barcodes","Y","MAF","BOLD"
"125","Haemulidae","Plectorhinchus","polytaenia","Plectorhinchus polytaenia","with barcodes","Y","MAF","BOLD"
"126","Haemulidae","Plectorhinchus","vittatus","Plectorhinchus vittatus","with barcodes","Y","MAF","BOLD"
"127","Haemulidae","Pomadasys","argenteus","Pomadasys argenteus","with barcodes","Y","MAF","BOLD"
"128","Haemulidae","Pomadasys","maculatus","Pomadasys maculatus","with barcodes","Y","MAF","BOLD"
"129","Holocentridae","Myripristis","adusta","Myripristis adusta","with barcodes","Y","MAF","BOLD"
"130","Holocentridae","Myripristis","berndti","Myripristis berndti","with barcodes","Y","MAF","BOLD"
"131","Holocentridae","Myripristis","hexagona","Myripristis hexagona","with barcodes","Y","MAF","BOLD"
"132","Holocentridae","Myripristis","kuntee","Myripristis kuntee","with barcodes","Y","MAF","BOLD"
"133","Holocentridae","Myripristis","pralinia","Myripristis pralinia","with barcodes","Y","MAF","BOLD"
"134","Holocentridae","Myripristis","violacea","Myripristis violacea","with barcodes","Y","MAF","BOLD"
"135","Holocentridae","Neoniphon","aurolineatus","Neoniphon aurolineatus","with barcodes","Y","MAF","BOLD"
"136","Holocentridae","Neoniphon","sammara","Neoniphon sammara","with barcodes","Y","MAF","BOLD"
"137","Holocentridae","Sargocentron","caudimaculatum","Sargocentron caudimaculatum","with barcodes","Y","MAF","BOLD"
"138","Holocentridae","Sargocentron","cornutum","Sargocentron cornutum","with barcodes","Y","MAF","BOLD"
"139","Holocentridae","Sargocentron","diadema","Sargocentron diadema","with barcodes","Y","MAF","BOLD"
"140","Holocentridae","Sargocentron","melanospilos","Sargocentron melanospilos","with barcodes","Y","MAF","BOLD"
"141","Holocentridae","Sargocentron","punctatissimum","Sargocentron punctatissimum","with barcodes","Y","MAF","BOLD"
"142","Holocentridae","Sargocentron","rubrum","Sargocentron rubrum","with barcodes","Y","MAF","BOLD"
"143","Holocentridae","Sargocentron","spiniferum","Sargocentron spiniferum","with barcodes","Y","MAF","BOLD"
"144","Labridae","Anampses","caeruleopunctatus","Anampses caeruleopunctatus","with barcodes","Y","MAF","BOLD"
"145","Labridae","Anampses","geographicus","Anampses geographicus","with barcodes","Y","MAF","BOLD"
"146","Labridae","Anampses","meleagrides","Anampses meleagrides","with barcodes","Y","MAF","BOLD"
"147","Labridae","Bodianus","dictynna","Bodianus dictynna","with barcodes","Y","MAF","BOLD"
"148","Labridae","Bodianus","mesothorax","Bodianus mesothorax","with barcodes","Y","MAF","BOLD"
"149","Labridae","Cheilinus","chlorourus","Cheilinus chlorourus","with barcodes","Y","MAF","BOLD"
"150","Labridae","Cheilinus","fasciatus","Cheilinus fasciatus","with barcodes","Y","MAF","BOLD"
"151","Labridae","Cheilinus","trilobatus","Cheilinus trilobatus","with barcodes","Y","MAF","BOLD"
"152","Labridae","Cheilinus","undulatus","Cheilinus undulatus","with barcodes","Y","MAF","BOLD"
"153","Labridae","Cheilio","inermis","Cheilio inermis","with barcodes","Y","MAF","BOLD"
"154","Labridae","Choerodon","anchorago","Choerodon anchorago","with barcodes","Y","MAF","BOLD"
"155","Labridae","Choerodon","robustus","Choerodon robustus","with barcodes","Y","MAF","BOLD"
"156","Labridae","Choerodon","schoenleinii","Choerodon schoenleinii","with barcodes","Y","MAF","BOLD"
"157","Labridae","Choerodon","typus","Choerodon typus","with barcodes","Y","MAF","BOLD"
"158","Labridae","Choerodon","zamboangae","Choerodon zamboangae","with barcodes","Y","MAF","BOLD"
"159","Labridae","Choerodon","zosterophorus","Choerodon zosterophorus","with barcodes","Y","MAF","BOLD"
"160","Labridae","Coris","batuensis","Coris batuensis","with barcodes","Y","MAF","BOLD"
"161","Labridae","Epibulus","brevis","Epibulus brevis","with barcodes","Y","MAF","BOLD"
"162","Labridae","Gomphosus","varius","Gomphosus varius","with barcodes","Y","MAF","BOLD"
"163","Labridae","Halichoeres","chloropterus","Halichoeres chloropterus","with barcodes","Y","MAF","BOLD"
"164","Labridae","Halichoeres","hartzfeldii","Halichoeres hartzfeldii","with barcodes","Y","MAF","BOLD"
"165","Labridae","Halichoeres","hortulanus","Halichoeres hortulanus","with barcodes","Y","MAF","BOLD"
"166","Labridae","Halichoeres","marginatus","Halichoeres marginatus","with barcodes","Y","MAF","BOLD"
"167","Labridae","Halichoeres","melanurus","Halichoeres melanurus","with barcodes","Y","MAF","BOLD"
"168","Labridae","Halichoeres","scapularis","Halichoeres scapularis","with barcodes","Y","MAF","BOLD"
"169","Labridae","Hemigymnus","fasciatus","Hemigymnus fasciatus","with barcodes","Y","MAF","BOLD"
"170","Labridae","Hemigymnus","melapterus","Hemigymnus melapterus","with barcodes","Y","MAF","BOLD"
"171","Labridae","Hologymnosus","annulatus","Hologymnosus annulatus","with barcodes","Y","MAF","BOLD"
"172","Labridae","Iniistius","bimaculatus","Iniistius bimaculatus","with barcodes","Y","MAF","BOLD"
"173","Labridae","Labropsis","manabei","Labropsis manabei","with barcodes","Y","MAF","BOLD"
"174","Labridae","Leptojulis","lambdastigma","Leptojulis lambdastigma","with barcodes","Y","MAF","BOLD"
"175","Labridae","Macropharyngodon","meleagris","Macropharyngodon meleagris","with barcodes","Y","MAF","BOLD"
"176","Labridae","Novaculichthys","taeniourus","Novaculichthys taeniourus","with barcodes","Y","MAF","BOLD"
"177","Labridae","Novaculoides","macrolepidotus","Novaculoides macrolepidotus","with barcodes","Y","MAF","BOLD"
"178","Labridae","Oxycheilinus","arenatus","Oxycheilinus arenatus","with barcodes","Y","MAF","BOLD"
"179","Labridae","Oxycheilinus","bimaculatus","Oxycheilinus bimaculatus","with barcodes","Y","MAF","BOLD"
"180","Labridae","Oxycheilinus","celebicus","Oxycheilinus celebicus","with barcodes","Y","MAF","BOLD"
"181","Labridae","Oxycheilinus","digramma","Oxycheilinus digramma","with barcodes","Y","MAF","BOLD"
"182","Labridae","Oxycheilinus","orientalis","Oxycheilinus orientalis","with barcodes","Y","MAF","BOLD"
"183","Labridae","Pseudodax","moluccanus","Pseudodax moluccanus","with barcodes","Y","MAF","BOLD"
"184","Labridae","Stethojulis","bandanensis","Stethojulis bandanensis","with barcodes","Y","MAF","BOLD"
"185","Labridae","Stethojulis","strigiventer","Stethojulis strigiventer","with barcodes","Y","MAF","BOLD"
"186","Labridae","Stethojulis","trilineata","Stethojulis trilineata","with barcodes","Y","MAF","BOLD"
"187","Labridae","Thalassoma","amblycephalum","Thalassoma amblycephalum","with barcodes","Y","MAF","BOLD"
"188","Labridae","Thalassoma","hardwicke","Thalassoma hardwicke","with barcodes","Y","MAF","BOLD"
"189","Labridae","Thalassoma","jansenii","Thalassoma jansenii","with barcodes","Y","MAF","BOLD"
"190","Labridae","Thalassoma","lunare","Thalassoma lunare","with barcodes","Y","MAF","BOLD"
"191","Labridae","Thalassoma","trilobatum","Thalassoma trilobatum","with barcodes","Y","MAF","BOLD"
"192","Latilidae","Branchiostegus","saitoi","Branchiostegus saitoi","with barcodes","Y","MAF","BOLD"
"193","Leiognathidae","Aurigequula","fasciata","Aurigequula fasciata","with barcodes","Y","MAF","BOLD"
"194","Leiognathidae","Leiognathus","equula","Leiognathus equula","with barcodes","Y","MAF","BOLD"
"195","Lethrinidae","Gnathodentex","aureolineatus","Gnathodentex aureolineatus","with barcodes","Y","MAF","BOLD"
"196","Lethrinidae","Gymnocranius","elongatus","Gymnocranius elongatus","with barcodes","Y","MAF","BOLD"
"197","Lethrinidae","Gymnocranius","griseus","Gymnocranius griseus","with barcodes","Y","MAF","BOLD"
"198","Lethrinidae","Lethrinus","atkinsoni","Lethrinus atkinsoni","with barcodes","Y","MAF","BOLD"
"199","Lethrinidae","Lethrinus","erythracanthus","Lethrinus erythracanthus","with barcodes","Y","MAF","BOLD"
"200","Lethrinidae","Lethrinus","erythropterus","Lethrinus erythropterus","with barcodes","Y","MAF","BOLD"
"201","Lethrinidae","Lethrinus","harak","Lethrinus harak","with barcodes","Y","MAF","BOLD"
"202","Lethrinidae","Lethrinus","lentjan","Lethrinus lentjan","with barcodes","Y","MAF","BOLD"
"203","Lethrinidae","Lethrinus","microdon","Lethrinus microdon","with barcodes","Y","MAF","BOLD"
"204","Lethrinidae","Lethrinus","obsoletus","Lethrinus obsoletus","with barcodes","Y","MAF","BOLD"
"205","Lethrinidae","Lethrinus","olivaceus","Lethrinus olivaceus","with barcodes","Y","MAF","BOLD"
"206","Lethrinidae","Lethrinus","ornatus","Lethrinus ornatus","with barcodes","Y","MAF","BOLD"
"207","Lethrinidae","Lethrinus","semicinctus","Lethrinus semicinctus","with barcodes","Y","MAF","BOLD"
"208","Lethrinidae","Monotaxis","grandoculis","Monotaxis grandoculis","with barcodes","Y","MAF","BOLD"
"209","Lethrinidae","Monotaxis","heterodon","Monotaxis heterodon","with barcodes","Y","MAF","BOLD"
"210","Liopropomatidae","Diploprion","bifasciatum","Diploprion bifasciatum","with barcodes","Y","MAF","BOLD"
"211","Liopropomatidae","Liopropoma","sp.1","Liopropoma sp.1","with barcodes","Y","MAF","BOLD"
"212","Lobotidae","Lobotes","surinamensis","Lobotes surinamensis","with barcodes","Y","MAF","BOLD"
"213","Lutjanidae","Aphareus","rutilans","Aphareus rutilans","with barcodes","Y","MAF","BOLD"
"214","Lutjanidae","Aprion","virescens","Aprion virescens","with barcodes","Y","MAF","BOLD"
"215","Lutjanidae","Etelis","carbunculus","Etelis carbunculus","with barcodes","Y","MAF","BOLD"
"216","Lutjanidae","Etelis","coruscans","Etelis coruscans","with barcodes","Y","MAF","BOLD"
"217","Lutjanidae","Lutjanus","argentimaculatus","Lutjanus argentimaculatus","with barcodes","Y","MAF","BOLD"
"218","Lutjanidae","Lutjanus","bengalensis","Lutjanus bengalensis","with barcodes","Y","MAF","BOLD"
"219","Lutjanidae","Lutjanus","bohar","Lutjanus bohar","with barcodes","Y","MAF","BOLD"
"220","Lutjanidae","Lutjanus","decussatus","Lutjanus decussatus","with barcodes","Y","MAF","BOLD"
"221","Lutjanidae","Lutjanus","dodecacanthoides","Lutjanus dodecacanthoides","with barcodes","Y","MAF","BOLD"
"222","Lutjanidae","Lutjanus","ehrenbergii","Lutjanus ehrenbergii","with barcodes","Y","MAF","BOLD"
"223","Lutjanidae","Lutjanus","fulviflamma","Lutjanus fulviflamma","with barcodes","Y","MAF","BOLD"
"224","Lutjanidae","Lutjanus","fulvus","Lutjanus fulvus","with barcodes","Y","MAF","BOLD"
"225","Lutjanidae","Lutjanus","gibbus","Lutjanus gibbus","with barcodes","Y","MAF","BOLD"
"226","Lutjanidae","Lutjanus","johnii","Lutjanus johnii","with barcodes","Y","MAF","BOLD"
"227","Lutjanidae","Lutjanus","lutjanus","Lutjanus lutjanus","with barcodes","Y","MAF","BOLD"
"228","Lutjanidae","Lutjanus","malabaricus","Lutjanus malabaricus","with barcodes","Y","MAF","BOLD"
"229","Lutjanidae","Lutjanus","monostigma","Lutjanus monostigma","with barcodes","Y","MAF","BOLD"
"230","Lutjanidae","Lutjanus","rivulatus","Lutjanus rivulatus","with barcodes","Y","MAF","BOLD"
"231","Lutjanidae","Lutjanus","rufolineatus","Lutjanus rufolineatus","with barcodes","Y","MAF","BOLD"
"232","Lutjanidae","Lutjanus","sebae","Lutjanus sebae","with barcodes","Y","MAF","BOLD"
"233","Lutjanidae","Lutjanus","timoriensis","Lutjanus timoriensis","with barcodes","Y","MAF","BOLD"
"234","Lutjanidae","Lutjanus","vitta","Lutjanus vitta","with barcodes","Y","MAF","BOLD"
"235","Lutjanidae","Macolor","macularis","Macolor macularis","with barcodes","Y","MAF","BOLD"
"236","Lutjanidae","Paracaesio","kusakarii","Paracaesio kusakarii","with barcodes","Y","MAF","BOLD"
"237","Lutjanidae","Paracaesio","xanthura","Paracaesio xanthura","with barcodes","Y","MAF","BOLD"
"238","Lutjanidae","Pinjalo","lewisi","Pinjalo lewisi","with barcodes","Y","MAF","BOLD"
"239","Lutjanidae","Pristipomoides","amoenus","Pristipomoides amoenus","with barcodes","Y","MAF","BOLD"
"240","Lutjanidae","Pristipomoides","auricilla","Pristipomoides auricilla","with barcodes","Y","MAF","BOLD"
"241","Lutjanidae","Pristipomoides","filamentosus","Pristipomoides filamentosus","with barcodes","Y","MAF","BOLD"
"242","Lutjanidae","Pristipomoides","multidens","Pristipomoides multidens","with barcodes","Y","MAF","BOLD"
"243","Lutjanidae","Pristipomoides","typus","Pristipomoides typus","with barcodes","Y","MAF","BOLD"
"244","Malacanthidae","Malacanthus","brevirostris","Malacanthus brevirostris","with barcodes","Y","MAF","BOLD"
"245","Malacanthidae","Malacanthus","latovittatus","Malacanthus latovittatus","with barcodes","Y","MAF","BOLD"
"246","Monacanthidae","Aluterus","scriptus","Aluterus scriptus","with barcodes","Y","MAF","BOLD"
"247","Monacanthidae","Cantherhines","pardalis","Cantherhines pardalis","with barcodes","Y","MAF","BOLD"
"248","Monacanthidae","Pseudomonacanthus","macrurus","Pseudomonacanthus macrurus","with barcodes","Y","MAF","BOLD"
"249","Monodactylidae","Monodactylus","argenteus","Monodactylus argenteus","with barcodes","Y","MAF","BOLD"
"250","Mugilidae","Planiliza","melinoptera","Planiliza melinoptera","with barcodes","Y","MAF","BOLD"
"251","Mullidae","Mulloidichthys","flavolineatus","Mulloidichthys flavolineatus","with barcodes","Y","MAF","BOLD"
"252","Mullidae","Parupeneus","barberinoides","Parupeneus barberinoides","with barcodes","Y","MAF","BOLD"
"253","Mullidae","Parupeneus","barberinus","Parupeneus barberinus","with barcodes","Y","MAF","BOLD"
"254","Mullidae","Parupeneus","crassilabris","Parupeneus crassilabris","with barcodes","Y","MAF","BOLD"
"255","Mullidae","Parupeneus","cyclostomus","Parupeneus cyclostomus","with barcodes","Y","MAF","BOLD"
"256","Mullidae","Parupeneus","heptacanthus","Parupeneus heptacanthus","with barcodes","Y","MAF","BOLD"
"257","Mullidae","Parupeneus","indicus","Parupeneus indicus","with barcodes","Y","MAF","BOLD"
"258","Mullidae","Parupeneus","multifasciatus","Parupeneus multifasciatus","with barcodes","Y","MAF","BOLD"
"259","Mullidae","Parupeneus","pleurostigma","Parupeneus pleurostigma","with barcodes","Y","MAF","BOLD"
"260","Mullidae","Upeneus","moluccensis","Upeneus moluccensis","with barcodes","Y","MAF","BOLD"
"261","Mullidae","Upeneus","nigromarginatus","Upeneus nigromarginatus","with barcodes","Y","MAF","BOLD"
"262","Mullidae","Upeneus","sulphureus","Upeneus sulphureus","with barcodes","Y","MAF","BOLD"
"263","Mullidae","Upeneus","tragula","Upeneus tragula","with barcodes","Y","MAF","BOLD"
"264","Mullidae","Upeneus","vittatus","Upeneus vittatus","with barcodes","Y","MAF","BOLD"
"265","Muraenidae","Gymnothorax","zonipectis","Gymnothorax zonipectis","with barcodes","Y","MAF","BOLD"
"266","Nemipteridae","Nemipterus","balinensoides","Nemipterus balinensoides","with barcodes","Y","MAF","BOLD"
"267","Nemipteridae","Nemipterus","bathybius","Nemipterus bathybius","with barcodes","Y","MAF","BOLD"
"268","Nemipteridae","Nemipterus","furcosus","Nemipterus furcosus","with barcodes","Y","MAF","BOLD"
"269","Nemipteridae","Nemipterus","hexodon","Nemipterus hexodon","with barcodes","Y","MAF","BOLD"
"270","Nemipteridae","Nemipterus","nematophorus","Nemipterus nematophorus","with barcodes","Y","MAF","BOLD"
"271","Nemipteridae","Nemipterus","nematopus","Nemipterus nematopus","with barcodes","Y","MAF","BOLD"
"272","Nemipteridae","Nemipterus","peronii","Nemipterus peronii","with barcodes","Y","MAF","BOLD"
"273","Nemipteridae","Nemipterus","zysron","Nemipterus zysron","with barcodes","Y","MAF","BOLD"
"274","Nemipteridae","Parascolopsis","eriomma","Parascolopsis eriomma","with barcodes","Y","MAF","BOLD"
"275","Nemipteridae","Parascolopsis","inermis","Parascolopsis inermis","with barcodes","Y","MAF","BOLD"
"276","Nemipteridae","Parascolopsis","melanophrys","Parascolopsis melanophrys","with barcodes","Y","MAF","BOLD"
"277","Nemipteridae","Pentapodus","caninus","Pentapodus caninus","with barcodes","Y","MAF","BOLD"
"278","Nemipteridae","Pentapodus","trivittatus","Pentapodus trivittatus","with barcodes","Y","MAF","BOLD"
"279","Nemipteridae","Scolopsis","affinis","Scolopsis affinis","with barcodes","Y","MAF","BOLD"
"280","Nemipteridae","Scolopsis","bilineata","Scolopsis bilineata","with barcodes","Y","MAF","BOLD"
"281","Nemipteridae","Scolopsis","ciliata","Scolopsis ciliata","with barcodes","Y","MAF","BOLD"
"282","Nemipteridae","Scolopsis","lineata","Scolopsis lineata","with barcodes","Y","MAF","BOLD"
"283","Nemipteridae","Scolopsis","margaritifera","Scolopsis margaritifera","with barcodes","Y","MAF","BOLD"
"284","Nemipteridae","Scolopsis","taenioptera","Scolopsis taenioptera","with barcodes","Y","MAF","BOLD"
"285","Nomeidae","Cubiceps","pauciradiatus","Cubiceps pauciradiatus","with barcodes","Y","MAF","BOLD"
"286","Nomeidae","Psenes","cyanophrys","Psenes cyanophrys","with barcodes","Y","MAF","BOLD"
"287","Ophidiidae","Brotula","multibarbata","Brotula multibarbata","with barcodes","Y","MAF","BOLD"
"288","Pempheridae","Pempheris","vanicolensis","Pempheris vanicolensis","with barcodes","Y","MAF","BOLD"
"289","Platycephalidae","Elates","ransonnettii","Elates ransonnettii","with barcodes","Y","MAF","BOLD"
"290","Polynemidae","Polydactylus","plebeius","Polydactylus plebeius","with barcodes","Y","MAF","BOLD"
"291","Pomacanthidae","Centropyge","bicolor","Centropyge bicolor","with barcodes","Y","MAF","BOLD"
"292","Pomacanthidae","Centropyge","vrolikii","Centropyge vrolikii","with barcodes","Y","MAF","BOLD"
"293","Pomacanthidae","Pomacanthus","imperator","Pomacanthus imperator","with barcodes","Y","MAF","BOLD"
"294","Pomacanthidae","Pygoplites","diacanthus","Pygoplites diacanthus","with barcodes","Y","MAF","BOLD"
"295","Pomacentridae","Abudefduf","septemfasciatus","Abudefduf septemfasciatus","with barcodes","Y","MAF","BOLD"
"296","Pomacentridae","Abudefduf","vaigiensis","Abudefduf vaigiensis","with barcodes","Y","MAF","BOLD"
"297","Pomacentridae","Acanthochromis","polyacanthus","Acanthochromis polyacanthus","with barcodes","Y","MAF","BOLD"
"298","Pomacentridae","Amblyglyphidodon","aureus","Amblyglyphidodon aureus","with barcodes","Y","MAF","BOLD"
"299","Pomacentridae","Amblyglyphidodon","curacao","Amblyglyphidodon curacao","with barcodes","Y","MAF","BOLD"
"300","Pomacentridae","Amphiprion","clarkii","Amphiprion clarkii","with barcodes","Y","MAF","BOLD"
"301","Pomacentridae","Amphiprion","perideraion","Amphiprion perideraion","with barcodes","Y","MAF","BOLD"
"302","Pomacentridae","Chromis","ternatensis","Chromis ternatensis","with barcodes","Y","MAF","BOLD"
"303","Pomacentridae","Chromis","xanthura","Chromis xanthura","with barcodes","Y","MAF","BOLD"
"304","Pomacentridae","Dascyllus","trimaculatus","Dascyllus trimaculatus","with barcodes","Y","MAF","BOLD"
"305","Pomacentridae","Dischistodus","perspicillatus","Dischistodus perspicillatus","with barcodes","Y","MAF","BOLD"
"306","Pomacentridae","Dischistodus","pseudochrysopoecilus","Dischistodus pseudochrysopoecilus","with barcodes","Y","MAF","BOLD"
"307","Pomacentridae","Hemiglyphidodon","plagiometopon","Hemiglyphidodon plagiometopon","with barcodes","Y","MAF","BOLD"
"308","Pomacentridae","Pomacentrus","reidi","Pomacentrus reidi","with barcodes","Y","MAF","BOLD"
"309","Priacanthidae","Heteropriacanthus","cruentatus","Heteropriacanthus cruentatus","with barcodes","Y","MAF","BOLD"
"310","Priacanthidae","Priacanthus","blochii","Priacanthus blochii","with barcodes","Y","MAF","BOLD"
"311","Priacanthidae","Priacanthus","tayenus","Priacanthus tayenus","with barcodes","Y","MAF","BOLD"
"312","Labridae","Calotomus","carolinus","Calotomus carolinus","with barcodes","Y","MAF","BOLD"
"313","Labridae","Calotomus","spinidens","Calotomus spinidens","with barcodes","Y","MAF","BOLD"
"314","Labridae","Cetoscarus","ocellatus","Cetoscarus ocellatus","with barcodes","Y","MAF","BOLD"
"315","Labridae","Chlorurus","japanensis","Chlorurus japanensis","with barcodes","Y","MAF","BOLD"
"316","Labridae","Leptoscarus","vaigiensis","Leptoscarus vaigiensis","with barcodes","Y","MAF","BOLD"
"317","Labridae","Scarus","altipinnis","Scarus altipinnis","with barcodes","Y","MAF","BOLD"
"318","Labridae","Scarus","chameleon","Scarus chameleon","with barcodes","Y","MAF","BOLD"
"319","Labridae","Scarus","dimidiatus","Scarus dimidiatus","with barcodes","Y","MAF","BOLD"
"320","Labridae","Scarus","flavipectoralis","Scarus flavipectoralis","with barcodes","Y","MAF","BOLD"
"321","Labridae","Scarus","forsteni","Scarus forsteni","with barcodes","Y","MAF","BOLD"
"322","Labridae","Scarus","ghobban","Scarus ghobban","with barcodes","Y","MAF","BOLD"
"323","Labridae","Scarus","hypselopterus","Scarus hypselopterus","with barcodes","Y","MAF","BOLD"
"324","Labridae","Scarus","niger","Scarus niger","with barcodes","Y","MAF","BOLD"
"325","Labridae","Scarus","psittacus","Scarus psittacus","with barcodes","Y","MAF","BOLD"
"326","Labridae","Scarus","rivulatus","Scarus rivulatus","with barcodes","Y","MAF","BOLD"
"327","Labridae","Scarus","spinus","Scarus spinus","with barcodes","Y","MAF","BOLD"
"328","Labridae","Scarus","tricolor","Scarus tricolor","with barcodes","Y","MAF","BOLD"
"329","Scatophagidae","Scatophagus","argus","Scatophagus argus","with barcodes","Y","MAF","BOLD"
"330","Scombridae","Gymnosarda","unicolor","Gymnosarda unicolor","with barcodes","Y","MAF","BOLD"
"331","Scombridae","Rastrelliger","kanagurta","Rastrelliger kanagurta","with barcodes","Y","MAF","BOLD"
"332","Scorpaenidae","Scorpaenopsis","oxycephala","Scorpaenopsis oxycephala","with barcodes","Y","MAF","BOLD"
"333","Scorpaenidae","Scorpaenopsis","venosa","Scorpaenopsis venosa","with barcodes","Y","MAF","BOLD"
"334","Serranidae","Chelidoperca","santosi","Chelidoperca santosi","with barcodes","Y","MAF","BOLD"
"335","Siganidae","Siganus","argenteus","Siganus argenteus","with barcodes","Y","MAF","BOLD"
"336","Siganidae","Siganus","canaliculatus","Siganus canaliculatus","with barcodes","Y","MAF","BOLD"
"337","Siganidae","Siganus","corallinus","Siganus corallinus","with barcodes","Y","MAF","BOLD"
"338","Siganidae","Siganus","doliatus","Siganus doliatus","with barcodes","Y","MAF","BOLD"
"339","Siganidae","Siganus","javus","Siganus javus","with barcodes","Y","MAF","BOLD"
"340","Siganidae","Siganus","puellus","Siganus puellus","with barcodes","Y","MAF","BOLD"
"341","Siganidae","Siganus","punctatissimus","Siganus punctatissimus","with barcodes","Y","MAF","BOLD"
"342","Siganidae","Siganus","punctatus","Siganus punctatus","with barcodes","Y","MAF","BOLD"
"343","Siganidae","Siganus","spinus","Siganus spinus","with barcodes","Y","MAF","BOLD"
"344","Siganidae","Siganus","unimaculatus","Siganus unimaculatus","with barcodes","Y","MAF","BOLD"
"345","Siganidae","Siganus","vermiculatus","Siganus vermiculatus","with barcodes","Y","MAF","BOLD"
"346","Siganidae","Siganus","vulpinus","Siganus vulpinus","with barcodes","Y","MAF","BOLD"
"347","Symphysanodontidae","Cymatognathus","aureolateralis","Cymatognathus aureolateralis","with barcodes","Y","MAF","BOLD"
"348","Symphysanodontidae","Symphysanodon","typus","Symphysanodon typus","with barcodes","Y","MAF","BOLD"
"349","Synodontidae","Saurida","gracilis","Saurida gracilis","with barcodes","Y","MAF","BOLD"
"350","Synodontidae","Saurida","micropectoralis","Saurida micropectoralis","with barcodes","Y","MAF","BOLD"
"351","Synodontidae","Synodus","variegatus","Synodus variegatus","with barcodes","Y","MAF","BOLD"
"352","Terapontidae","Pelates","quadrilineatus","Pelates quadrilineatus","with barcodes","Y","MAF","BOLD"
"353","Toxotidae","Toxotes","jaculatrix","Toxotes jaculatrix","with barcodes","Y","MAF","BOLD"
"354","Zanclidae","Zanclus","cornutus","Zanclus cornutus","with barcodes","Y","MAF","BOLD"
